{
  "planner": {
    "cycles": 1000,
    "time_s": 0.0029414999298751354,
    "latency_ms": 0.0029414999298751354
  },
  "engine": {
    "actions": 10000,
    "time_s": 0.08789650001563132,
    "ok": 10000,
    "throughput_cmd_s": 113770.17285354505,
    "latency_avg_ms": 0.008789650001563131
  },
  "journal": {
    "cycles": 1000,
    "time_s": 6.630695900064893,
    "latency_ms": 6.630695900064893
  }
}